article_id,title,content
1,"Tech Advancements in Artificial Intelligence","Artificial intelligence (AI) has made significant strides in recent years, with breakthroughs in natural language processing and computer vision. Researchers are pushing the boundaries of what AI can achieve, opening new possibilities for various industries."
2,"Climate Change and its Global Impact","The effects of climate change are becoming more pronounced worldwide. Rising temperatures, extreme weather events, and melting ice caps are some of the visible signs. Scientists emphasize the urgent need for sustainable practices to mitigate the impact of climate change."
3,"Space Exploration: Mars Mission Update","NASA's latest mission to Mars has successfully landed its rover on the red planet's surface. The mission aims to explore Mars' geology and search for signs of past life. This represents a significant step in humanity's quest for understanding the mysteries of the cosmos."
4,"Economic Challenges Amidst Global Pandemic","The ongoing global pandemic has led to economic challenges on a global scale. Lockdowns, supply chain disruptions, and changes in consumer behavior have all contributed to a complex economic landscape. Policymakers are working to address these challenges and promote recovery."
5,"Advancements in Sustainable Energy","Renewable energy sources such as solar and wind power are gaining traction as society seeks cleaner and more sustainable alternatives. Innovations in energy storage and distribution are crucial for the widespread adoption of green technologies."
6,"Art and Culture: Rediscovering Traditional Crafts","In a digital age, there's a renewed interest in traditional crafts and artisanal skills. Communities are embracing their cultural heritage, fostering the revival of handmade products and preserving traditional art forms."
7,"Healthcare Innovations: Precision Medicine","Precision medicine is revolutionizing healthcare by tailoring medical treatments to individual characteristics, such as genetic makeup and lifestyle. This personalized approach holds the promise of more effective treatments and improved patient outcomes."
8,"Global Education Challenges in the Digital Age","The digital age has transformed education, but it also brings challenges such as the digital divide, ensuring equal access to educational resources, and preparing students for a rapidly evolving job market."
9,"Sports and Technology: The Impact of Analytics","Analytics and technology play a crucial role in modern sports. From player performance analysis to fan engagement, technology is reshaping the sports industry. Data-driven insights are influencing coaching strategies and player recruitment."
10,"Cultural Diversity in Urban Spaces","Urban spaces are melting pots of diverse cultures, languages, and traditions. The interaction and coexistence of different cultural groups contribute to the richness and vibrancy of cities. Urban planners and communities are recognizing the importance of preserving cultural diversity."
